NAME,ID,Price,Year,Company
Timothy Hines,73E52F69-76AD-575E-2CD9-76793666E47B,428317,2017,Neque Sed Dictum PC
Brittany Carr,B3C68F91-5554-08A3-517B-E552714ADE67,461731,2001,Quisque Ac Incorporated
Castor May,71A87CB2-0ED8-7860-D1C7-13861FBE52DB,35758,2012,Dignissim Maecenas Foundation
Emma Molina,555E5B32-6CEE-D0D6-8659-7436CBB5FDA3,688673,2019,Mi Fringilla Mi Company
Xandra Wall,44271BD2-3CEB-685E-D412-9C9B8CBE8AA9,249939,2017,Aliquam Adipiscing Limited
Katell Mcintosh,49D81B34-7776-6F6C-A64A-1E2823388F12,347171,2009,Velit Aliquam Limited
Zelda Weber,60FC9422-A622-EB93-1597-BE13E711A729,288905,2013,Dictum Eu Placerat LLC
Germaine Conley,733A98C3-73E7-3DCC-BA37-6CA3D9E7BD36,991855,2020,Ipsum Leo Corp.
Harding Dudley,4E192D75-AC91-EDED-5C43-98D9629A46DC,385163,2021,Arcu Imperdiet Ullamcorper Ltd
Hedley Adams,C935BB15-7EEB-134C-773B-46B1409B1C86,852281,2005,Adipiscing Elit Limited
Amy Lamb,0D8BB136-95D9-5AB2-669B-3F278C1D665A,540896,2002,Dignissim Corporation
Kylan Ross,A223BBE1-48E6-E6DB-BEB1-721FD489533D,881241,2001,Dui Cras Pellentesque Foundation
Arthur Brock,D3D0E945-C02B-7272-22A9-91704646DC5E,384644,2012,Fusce Diam LLC
Upton Cantrell,6D5C1749-D274-38F6-6BA6-C7231EAF8F14,729405,2015,Inceptos Hymenaeos LLP
Cameran Bradley,76237A66-D684-9651-49AC-0E56BEA26647,61572,2005,Amet Lorem PC
Autumn Tanner,58995211-A4FB-3028-4F34-C220B5FE871D,491112,2017,Odio Aliquam Vulputate Foundation
Colin Combs,36A4AAD9-BC9A-1AEC-521C-AFD3B431271C,478743,2003,Maecenas Associates
Omar Maddox,E6E64298-99E2-F28B-4A51-CE8EFF0075B5,778521,2014,Vulputate Ullamcorper PC
Keefe Moreno,4C9FECA6-467E-23ED-1334-7367552C3F7D,165756,2000,Mauris LLP
Keaton Conway,2C722F49-E142-4DED-D8DA-DC7900564EE2,108776,2017,Duis Industries
Dieter Clay,57949F84-89C1-2C22-E889-1AF5186D7287,542082,2012,Fermentum Arcu Vestibulum Company
Preston Puckett,525BC707-35D1-2186-A955-AE685A02BEBF,234814,2015,Ut Erat Industries
Dylan Olson,6D985883-1875-968F-E606-57B3B2E00EFC,696448,2017,Mattis Semper Dui Institute
Guy Castillo,07622AA4-C1E3-766C-DA52-997D6687B55B,812863,2015,Ante Ipsum Primis Associates
Gail Vance,48C75E28-5CEB-1A3B-CA74-64DE4553251D,643127,2017,Ut Industries
Levi Alston,0A3E1DBE-839A-4B8C-C475-19FA7AA0A96C,681478,2006,Amet Consectetuer Inc.
Melodie Terry,CC4C32B0-A293-8DA0-129E-9119A46385D4,633170,2016,Libero Nec Ligula LLC
Isabelle Owens,CDF113A8-8858-1381-C29C-5A34429CAA99,752957,2014,Augue Porttitor LLP
Winifred Hayden,3218DE55-461C-6E87-0772-9CE2BA39FD18,673311,2018,Turpis Company
Wylie Sexton,CE885962-6D6B-F808-B752-C4C083910311,447631,2020,Sit Amet Limited
Leigh Cannon,CBB7D122-EA30-4D67-2853-A306EBF3D80E,60809,2013,Pede Nec Ante Foundation
Caldwell Dennis,3E584B6F-0A52-B193-F18E-DFC4A69B4E4D,724111,2005,Ante Dictum Cursus Associates
Maile Wise,D2234935-EB44-BF9A-5EA8-3DD548E862B0,419417,2007,Tellus LLP
Nola Mathews,1AFCDB99-9507-C417-AEAC-CD025A13212D,689578,2018,Lacus Inc.
Prescott Albert,B2A15E19-6962-12E4-2EF7-86D105BA648C,520692,2016,Erat Etiam Ltd
Ryan Campbell,8D2A6E62-E1A9-7542-A554-19C73FE6B6E8,303445,2006,Maecenas Libero Est Company
Amethyst Lee,C5317949-3E05-37C7-3B78-2A646D7C8A9A,594856,2018,Nam Company
Macy King,285129D8-8A2D-E798-C422-4665E588F36A,133712,2022,Nisl Quisque Fringilla Institute
Vladimir Mcintyre,81DCE8AA-A885-A729-1A68-3A168024EEC7,230535,2001,Dapibus Ligula Consulting
Eve Mccall,E23129C5-0AEC-782D-CC68-94755A23D8DC,257257,2010,Quam Limited
Sophia Parsons,9C3B2815-C973-6C79-94A1-62BEE18F35D8,294828,2010,Eu Tempor Industries
Cheryl Benson,F25B7ED7-7D8A-A5C5-B23B-F77D65C42691,791730,2009,Suspendisse Foundation
Jada Cardenas,51EB5D51-EA30-0734-2488-8BE112DD6E6B,294200,2001,Aliquet Magna A Industries
Ruth Crawford,51526751-876C-B068-67B8-98E78BFEF2D0,543722,2018,Eros Inc.
Petra Bridges,A0ED02C1-C82E-AF5E-2159-39CDBA104D5A,79979,2005,Mi Tempor LLC
Paula England,A18E71E6-6B18-777E-74C2-AF8508C8AC79,789477,2015,Amet Inc.
Martena Simpson,A342ACBC-1A9A-5234-4438-BAF372357B99,875165,2001,Semper Industries
Zahir Cabrera,C01158AC-F7DD-A8EE-EC8C-65653A6EC029,438938,2019,Id Nunc Interdum Institute
Reagan Lowery,CD80DD9C-9377-9B89-C4AD-E6BB7619C988,37873,2018,Eros Non Enim Industries
Laurel Frye,86CF0991-684B-3622-EED2-908B4103BB01,619375,2014,Ipsum Company
Odette Strong,61AD98E0-9E60-73D1-DD43-971D5FAE7BBA,7534,2002,Arcu Curabitur Ut Institute
Xaviera Gill,E4F12F46-3EDD-B4C8-7DE2-8361AFC7326A,420972,2010,Penatibus Limited
Brody Heath,8F2E7C18-E651-B358-BC6C-55D3FB2D4465,789575,2001,Auctor Non Industries
Lysandra Little,DB614E64-8C1E-81F4-8DD7-C5AE66AA6195,899245,2001,Eu Neque Institute
Arden Frost,9F3B5BB0-B5D3-E86D-81A1-453A376C6259,741767,2009,A LLC
Indira Bryant,76355280-1169-68C7-36C2-D7D31EE46061,584405,2021,Ac Limited
Chester Grimes,10D4B43C-D4C5-C522-545F-7760F1AB8DDD,968436,2022,At Auctor Ullamcorper Industries
Guy Leblanc,2D5A00C8-26EE-5DF4-B669-2D513E878EC2,463386,2017,Pede Et Risus Industries
Kiona Melton,AF9B34C9-EBDD-4B6E-D951-8599DC95D3F0,224983,2015,Erat LLC
Wanda Tate,F634DED2-304B-9385-9987-4CC5C92E0291,180770,2022,Aliquet Foundation
Marsden Beasley,AC4DFA07-6FC2-94BD-55A7-A8E00DC67608,723783,2003,Duis Sit Amet Corp.
Giselle Hooper,D43A1899-BA90-09FE-FE4B-CDC87576765C,205329,2005,Ac Urna Ut LLC
Hall Drake,BCCEE835-A5FF-4119-B582-4E77A35F3943,63105,2003,Felis Company
Hammett Sawyer,EAB98F33-7865-C287-00FB-F7A724DEA61A,853494,2005,Consectetuer PC
Tyler Sloan,49DEDDB2-A053-32E9-EBC0-E2603ABD015A,959995,2009,Orci Sem Eget Industries
Damian Buchanan,E34D194E-145A-5DDB-EF79-E910ADEB7EA2,226170,2007,Ipsum Nunc Id PC
Curran Zamora,1A52BC16-913C-D6DD-2645-EA49F6787B7D,132005,2019,Dui Institute
Burton Delacruz,72165B32-18A5-AEFE-1312-78F1EB653C27,13361,2021,Nisi Dictum Associates
Gannon Harrell,0588AB33-696D-3DA2-EAF7-E959D77C4DFB,807837,2005,Tellus Id Corp.
Philip Fuentes,899ED166-C999-1C4B-9A59-26C5AE41EB24,776588,2010,Aenean Euismod Mauris Corp.
Adrienne Stone,5CDF32A6-5E3A-C173-F6DD-3CC44592D0DF,237933,2017,Eros Proin Foundation
Kasimir Jenkins,2AEB11D7-A7D0-5754-2B26-B7751D2A807B,715503,2000,Justo Nec Ante Incorporated
Blossom Gould,65D16248-BE5E-1366-C6B7-E80DBC195301,250892,2016,Ut Semper Incorporated
Chase James,E64FBA9A-B25B-6003-AA2C-39A6AD7709A4,631772,2020,Varius Et Associates
Margaret Graves,85391251-C335-57AC-FF61-8AFAB248DAE1,949207,2008,Euismod Et Inc.
India Kline,54AE385A-A49A-4162-D8AC-B1C07DC37417,741566,2017,Adipiscing Lacus Company
Halee Galloway,5A4A2BD7-DA3B-41CF-086A-54E8E82B296A,828508,2003,Adipiscing Lacus Ut Industries
Rudyard Kent,1D543C20-FABD-29AB-6B48-8F777A33F55D,23826,2012,Mollis Phasellus Corp.
Reagan Everett,219931E1-73B7-483D-9927-CCA11EEA779B,255860,2012,A Neque Consulting
Ishmael Pacheco,55740671-5679-6508-6D69-23A392CDACDA,31148,2004,Neque Sed Associates
Maryam Barlow,458A32C1-21C5-63E0-C966-6CD3712F5684,652258,2013,Facilisis Magna Tellus Corp.
Jermaine Hicks,9C7C6A44-F27D-EB35-4493-5AD24E083842,357013,2008,Non Ante Associates
Bevis Wells,703672A9-90DE-4A62-1217-E0A61CA721BE,34476,2012,Hymenaeos Mauris Ltd
Risa Matthews,DB52BABF-F9E8-AF62-34AD-EBC4C4AD991B,576772,2002,Nonummy Inc.
Madonna Cummings,959342CE-1D23-29D7-5AFC-5A3B18267D59,322603,2019,Scelerisque Scelerisque Consulting
Salvador Sawyer,D58E74B3-9911-E9B0-DE87-7C2C9B9322A5,107749,2012,Tempor Augue Ltd
Chaim Wilcox,B785A785-174B-EF78-4599-561492ADA89C,331151,2008,Sem Foundation
Levi Hatfield,A09E9E1E-14CC-7B6D-4BA2-6442CE8914E2,24403,2006,Vel Vulputate Eu Limited
Lynn Donaldson,5816E8E3-616E-9CB3-9E84-7DB9F7A14C62,446011,2001,Feugiat Nec Diam LLC
Vance Taylor,04E534B7-A9E6-4C6C-962D-D6AD71E63AD3,513678,2015,Enim Gravida LLC
Yuri Kemp,2EA18636-9EAE-D4C3-7771-21A21A714B34,725300,2021,Adipiscing Lobortis Ltd
Shad Lambert,E927B5C5-2DDD-22CC-65DB-24C5D93E57DE,389467,2021,A Sollicitudin Orci Associates
Chiquita Blair,968B9CA5-9387-26AB-924B-17F545831946,425521,2012,Scelerisque Mollis LLP
Curran Glass,D85C1BF0-81D3-1CC7-23CE-C27ABD3C765A,256515,2006,Dictum Limited
Kasper Warner,39723A6C-CD29-4588-2962-9AC7DB4161C6,582111,2014,Metus Incorporated
Amos Pate,D6665DF3-6119-3E1B-AB12-1069C8FA358D,29407,2018,Aliquam Vulputate Incorporated
Francesca Rice,020DC260-2493-E281-59B6-51E0363AEDD4,688000,2014,Nibh Enim Institute
Amal Woods,FC5FB989-5BDF-DC6F-1332-9578976B3EB7,246959,2019,Vel Arcu Curabitur Industries
Alfreda Mays,0C3D5577-CD05-D908-A919-5BA4994C7BDE,18405,2008,Cursus Vestibulum Ltd
Katelyn Rios,37A0CF1C-E98B-38A5-B404-D8E374366F46,484594,2003,Eu Augue Porttitor Limited
